customer_id,total_spent,invoice_count,first_purchase,last_purchase,customer_lifetime_days,avg_invoice_value
C0001,3137780.36,6,2023-11-09,2024-10-16,342,522963.3933333333
C0002,1146160.71,2,2023-11-18,2024-08-14,270,573080.355
C0003,2594128.68,7,2022-09-26,2024-05-03,585,370589.81142857147
C0004,2383637.98,6,2022-01-01,2024-02-04,764,397272.99666666664
C0005,54327.909999999996,2,2023-08-12,2023-12-27,137,27163.954999999998
C0006,1162512.18,3,2022-07-08,2023-07-08,365,387504.06
C0007,1587698.97,3,2022-11-29,2024-10-21,692,529232.99
C0008,1233134.96,3,2023-04-04,2024-08-03,487,411044.98666666663
C0009,1568499.8900000001,3,2023-05-29,2024-01-08,224,522833.2966666667
C0010,69893.35,1,2024-10-16,2024-10-16,0,69893.35
C0011,1585379.84,5,2022-03-06,2024-07-19,866,317075.968
C0012,2634423.05,4,2022-01-01,2024-05-09,859,658605.7625
C0013,1771628.69,3,2022-11-09,2024-05-25,563,590542.8966666666
C0014,1591715.19,4,2022-01-02,2023-11-18,685,397928.7975
C0015,1844502.6,4,2023-02-01,2024-10-19,626,461125.65
C0016,2747711.34,6,2022-02-06,2024-06-03,848,457951.88999999996
C0017,2984267.29,4,2023-06-07,2024-12-15,557,746066.8225
C0018,4039738.94,6,2022-05-07,2024-02-07,641,673289.8233333334
C0019,2866158.69,5,2022-03-07,2024-09-06,914,573231.738
C0020,577242.78,1,2022-07-29,2022-07-29,0,577242.78
C0021,2683927.46,8,2022-11-01,2024-08-12,650,335490.9325
C0022,685865.32,1,2023-10-09,2023-10-09,0,685865.32
C0023,369382.70999999996,2,2022-04-14,2022-04-26,12,184691.35499999998
C0024,4814859.98,6,2023-03-23,2024-09-10,537,802476.6633333334
C0025,1741985.6099999999,3,2022-02-22,2023-11-24,640,580661.87
C0026,1852808.7599999998,4,2022-01-25,2024-02-23,759,463202.18999999994
C0027,4338882.28,7,2022-09-19,2023-11-24,431,619840.3257142857
C0028,3394929.31,8,2023-07-16,2024-09-10,422,424366.16375
C0029,2986485.62,6,2022-02-06,2024-09-02,939,497747.60333333333
C0030,5466557.66,8,2022-03-02,2024-09-03,916,683319.7075
C0031,772402.03,2,2022-12-24,2023-03-24,90,386201.015
C0032,3329309.07,5,2022-09-06,2023-10-19,408,665861.814
C0033,94180.5,1,2023-10-27,2023-10-27,0,94180.5
C0034,1062501.75,1,2024-05-01,2024-05-01,0,1062501.75
C0035,2535623.38,5,2022-11-28,2024-03-16,474,507124.676
C0036,876964.0800000001,2,2022-01-04,2024-08-09,948,438482.04000000004
C0037,4047488.5,8,2022-02-05,2024-07-09,885,505936.0625
C0038,2806648.27,4,2022-08-25,2024-09-02,739,701662.0675
C0039,558517.74,1,2024-11-13,2024-11-13,0,558517.74
C0040,1818478.44,4,2022-04-13,2023-12-28,624,454619.61
C0041,3264843.87,6,2022-01-01,2024-06-23,904,544140.645
C0042,436036.79,1,2022-09-29,2022-09-29,0,436036.79
C0043,1474628.62,2,2023-06-11,2024-01-06,209,737314.31
C0044,1741021.71,4,2022-02-27,2024-09-16,932,435255.4275
C0045,663589.45,1,2023-07-08,2023-07-08,0,663589.45
C0046,1096644.04,3,2023-09-14,2024-12-27,470,365548.01333333337
C0047,1606049.6600000001,4,2022-12-28,2024-04-01,460,401512.41500000004
C0048,3332770.4299999997,5,2022-08-11,2024-11-13,825,666554.0859999999
C0049,1039212.19,2,2023-04-07,2023-05-13,36,519606.095
C0050,411272.21,1,2023-04-09,2023-04-09,0,411272.21
C0051,795350.76,2,2022-01-19,2024-06-04,867,397675.38
C0052,2019635.6,4,2022-04-18,2024-10-23,919,504908.9
C0053,1455651.03,3,2023-02-07,2023-07-21,164,485217.01
C0054,1510236.15,5,2022-08-17,2023-12-15,485,302047.23
C0055,575979.56,1,2023-05-25,2023-05-25,0,575979.56
C0056,4094482.36,8,2022-06-13,2024-12-27,928,511810.295
C0057,4841276.75,7,2022-03-26,2024-09-20,909,691610.9642857143
C0058,1474746.21,2,2022-01-05,2022-05-20,135,737373.105
C0059,516255.85,1,2024-07-20,2024-07-20,0,516255.85
C0060,858730.9299999999,2,2022-10-25,2023-10-03,343,429365.46499999997
C0061,1300005.27,2,2022-05-05,2023-10-20,533,650002.635
C0062,1397489.83,3,2022-12-02,2024-08-02,609,465829.94333333336
C0063,4214255.19,6,2022-07-22,2024-10-10,811,702375.8650000001
C0064,988061.91,4,2022-07-31,2023-02-17,201,247015.4775
C0065,2382164.3200000003,5,2022-08-10,2024-04-26,625,476432.86400000006
C0066,1185370.4,3,2022-09-02,2024-08-15,713,395123.4666666666
C0067,2457573.64,5,2022-03-18,2024-08-09,875,491514.728
C0068,4022789.1599999997,7,2022-01-28,2024-05-22,845,574684.1657142857
C0069,1584491.06,6,2022-07-20,2024-02-01,561,264081.8433333333
C0070,3810908.1799999997,6,2022-08-22,2024-07-12,690,635151.3633333333
C0071,1337082.45,3,2022-03-20,2023-12-11,631,445694.14999999997
C0072,1340607.75,2,2023-08-05,2023-12-25,142,670303.875
C0073,169021.03,1,2024-12-05,2024-12-05,0,169021.03
C0074,1520713.89,4,2022-01-15,2023-06-16,517,380178.4725
C0075,3358170.17,7,2022-09-10,2024-06-16,645,479738.5957142857
C0076,307768.26,2,2022-07-31,2023-12-23,510,153884.13
C0077,224039.54,1,2023-12-11,2023-12-11,0,224039.54
C0078,70746.51,1,2022-11-01,2022-11-01,0,70746.51
C0079,1142167.26,5,2022-02-28,2024-09-19,934,228433.452
C0080,2493124.64,6,2022-04-05,2024-11-28,968,415520.7733333334
C0081,1607351.03,4,2022-04-25,2023-11-16,570,401837.7575
C0082,3519350.1,5,2022-02-19,2024-10-05,959,703870.02
C0083,942768.06,3,2022-01-29,2024-07-17,900,314256.02
C0084,2106934.54,4,2022-05-06,2024-12-19,958,526733.635
C0085,2261088.4299999997,5,2022-08-31,2024-05-24,632,452217.6859999999
C0086,1004008.9099999999,4,2022-06-09,2023-10-18,496,251002.22749999998
C0087,1738561.63,2,2022-09-15,2024-08-24,709,869280.815
C0088,752176.92,2,2022-12-22,2023-09-22,274,376088.46
C0089,3365725.33,5,2022-02-09,2024-05-09,820,673145.066
C0090,1979419.5,5,2022-08-12,2024-11-17,828,395883.9
C0091,632889.89,2,2023-12-24,2024-05-05,133,316444.945
C0092,3216256.17,7,2022-04-16,2024-07-16,822,459465.16714285716
C0093,579428.49,3,2023-03-16,2024-02-12,333,193142.83
C0094,2730108.98,6,2022-04-16,2024-12-18,977,455018.16333333333
C0095,1041157.7699999999,2,2023-02-19,2024-10-21,610,520578.88499999995
C0096,1588045.27,5,2022-08-13,2024-08-10,728,317609.054
C0097,1266134.98,1,2023-08-15,2023-08-15,0,1266134.98
C0098,3023532.4699999997,4,2022-01-16,2024-07-22,918,755883.1174999999
C0099,2386425.38,6,2022-05-28,2023-11-10,531,397737.5633333333
C0100,331100.84,2,2022-05-24,2023-03-14,294,165550.42
C0101,1879689.01,3,2023-10-07,2024-09-06,335,626563.0033333333
C0102,347733.18,1,2022-09-28,2022-09-28,0,347733.18
C0103,2319890.79,6,2022-05-25,2024-09-09,838,386648.465
C0104,2551888.8200000003,5,2022-02-03,2024-12-01,1032,510377.7640000001
C0105,4273080.88,6,2022-06-05,2024-02-23,628,712180.1466666666
C0106,2176205.19,3,2023-03-03,2024-09-20,567,725401.73
C0107,3786176.87,6,2022-01-25,2024-11-06,1016,631029.4783333334
C0108,1487303.13,4,2024-06-21,2024-12-29,191,371825.7825
C0109,3752651.63,8,2022-07-18,2024-09-20,795,469081.45375
C0110,1446308.53,3,2024-03-27,2024-10-17,204,482102.8433333333
C0111,1024121.56,2,2024-06-07,2024-07-30,53,512060.78
C0112,2046082.04,5,2022-07-25,2024-12-04,863,409216.408
C0113,2503055.96,3,2024-02-04,2024-07-28,175,834351.9866666667
C0114,1892289.83,3,2023-07-25,2023-12-24,152,630763.2766666667
C0115,316255.73,2,2022-11-09,2023-04-05,147,158127.865
C0116,1081207.79,2,2023-06-13,2023-09-30,109,540603.895
C0117,1179099.56,1,2023-08-30,2023-08-30,0,1179099.56
C0118,2431788.52,5,2022-05-13,2024-12-13,945,486357.704
C0119,2325525.68,4,2023-02-17,2024-07-13,512,581381.42
C0120,2634221.37,5,2022-04-07,2024-08-07,853,526844.274
C0121,2649752.4,4,2022-05-30,2024-08-07,800,662438.1
C0122,3390249.14,5,2022-03-13,2024-01-02,660,678049.828
C0123,2099817.94,3,2023-03-22,2024-11-22,611,699939.3133333334
C0124,2376147.5,4,2022-03-09,2024-07-20,864,594036.875
C0125,3169736.46,4,2022-09-13,2024-12-13,822,792434.115
C0126,2107411.31,3,2022-05-20,2024-03-20,670,702470.4366666666
C0127,805509.9199999999,3,2023-01-21,2024-10-18,636,268503.30666666664
C0128,1720243.53,6,2022-01-27,2024-02-18,752,286707.255
C0129,3122029.71,4,2022-06-10,2023-10-19,496,780507.4275
C0130,3146733.09,4,2022-01-23,2024-12-30,1072,786683.2725
C0131,1478123.3499999999,3,2023-01-17,2023-11-25,312,492707.78333333327
C0132,2338188.81,3,2023-10-04,2024-10-03,365,779396.27
C0133,2552358.21,3,2022-12-23,2024-10-11,658,850786.07
C0134,902047.43,6,2022-02-28,2024-11-26,1002,150341.23833333334
C0135,1584074.15,3,2023-06-09,2024-03-30,295,528024.7166666667
C0136,2400177.87,6,2022-02-09,2024-09-07,941,400029.645
C0137,578171.1799999999,2,2023-05-05,2024-11-19,564,289085.58999999997
C0138,2354695.37,4,2022-02-18,2024-02-22,734,588673.8425
C0139,3256931.67,5,2022-11-29,2024-12-06,738,651386.334
C0141,2762791.8,4,2023-05-09,2024-05-19,376,690697.95
C0142,3118018.6,7,2022-09-04,2024-09-18,745,445431.22857142857
C0144,174260.56,2,2022-07-29,2022-08-31,33,87130.28
C0145,820784.24,4,2022-06-16,2024-07-21,766,205196.06
C0146,1667866.0,6,2022-01-12,2024-12-28,1081,277977.6666666667
C0147,1932695.0299999998,5,2022-06-20,2024-12-16,910,386539.00599999994
C0148,2157327.0500000003,5,2022-02-16,2024-12-05,1023,431465.41000000003
C0149,2548104.24,4,2022-04-18,2024-04-01,714,637026.06
C0150,2183602.02,4,2022-12-05,2024-10-11,676,545900.505
C0151,4421466.49,5,2022-09-03,2024-05-04,609,884293.2980000001
C0152,1278044.6,5,2022-01-13,2024-09-08,969,255608.92
C0153,2767767.98,7,2022-02-06,2023-11-22,654,395395.4257142857
C0154,1509180.35,3,2022-05-04,2024-07-04,792,503060.1166666667
C0155,2099524.96,3,2023-01-29,2024-12-08,679,699841.6533333333
C0156,4197977.11,6,2022-06-22,2024-05-14,692,699662.8516666667
C0157,837826.97,1,2022-10-14,2022-10-14,0,837826.97
C0158,3643630.75,5,2022-02-20,2024-06-28,859,728726.15
C0159,747411.26,1,2023-07-15,2023-07-15,0,747411.26
C0160,1492658.4,3,2022-08-30,2024-06-30,670,497552.8
C0161,1361707.28,3,2022-06-25,2023-11-09,502,453902.4266666667
C0162,2015830.86,5,2022-02-11,2024-07-15,885,403166.172
C0163,1594277.19,2,2024-08-09,2024-10-16,68,797138.595
C0164,1605150.68,3,2022-04-11,2024-04-02,722,535050.2266666667
C0165,1269186.3199999998,4,2022-05-20,2024-07-28,800,317296.57999999996
C0166,1538849.74,5,2022-08-24,2024-07-28,704,307769.948
C0167,2771628.7600000002,4,2022-05-20,2024-01-05,595,692907.1900000001
C0168,725127.47,1,2023-08-01,2023-08-01,0,725127.47
C0169,109199.74,1,2022-11-25,2022-11-25,0,109199.74
C0170,617022.9700000001,2,2022-08-09,2024-02-19,559,308511.48500000004
C0171,1061751.46,1,2024-04-11,2024-04-11,0,1061751.46
C0172,1255614.5099999998,3,2023-12-24,2024-06-07,166,418538.1699999999
C0173,2792770.87,4,2022-04-15,2024-11-19,949,698192.7175
C0174,2355539.69,4,2023-05-16,2024-07-15,426,588884.9225
C0175,2419154.15,5,2022-12-29,2024-10-25,666,483830.82999999996
C0176,2993433.31,3,2023-01-15,2024-01-30,380,997811.1033333334
C0177,2141775.25,2,2023-05-02,2023-09-03,124,1070887.625
C0179,1463873.35,6,2022-03-09,2023-10-06,576,243978.8916666667
C0180,601442.22,2,2022-10-24,2024-04-13,537,300721.11
C0181,1267565.55,3,2022-11-13,2023-11-25,377,422521.85000000003
C0182,1805706.55,2,2023-08-18,2023-10-11,54,902853.275
C0183,2218867.38,4,2022-09-04,2023-02-23,172,554716.845
C0184,1233741.85,4,2022-11-13,2024-06-14,579,308435.4625
C0185,1841953.51,5,2022-01-25,2024-09-28,977,368390.702
C0186,1547112.12,2,2022-06-11,2024-05-19,708,773556.06
C0187,1812487.9300000002,2,2022-08-29,2023-11-01,429,906243.9650000001
C0188,1852571.0899999999,3,2022-05-19,2024-06-25,768,617523.6966666667
C0189,2096692.6400000001,3,2022-09-21,2024-08-30,709,698897.5466666667
C0190,1811285.19,5,2022-12-23,2024-07-29,584,362257.038
C0191,1465470.9300000002,3,2022-09-23,2024-05-17,602,488490.31000000006
C0192,2738813.79,4,2022-06-07,2023-09-08,458,684703.4475
C0193,4251440.54,6,2022-08-15,2024-09-26,773,708573.4233333333
C0194,650340.53,3,2022-09-09,2024-11-15,798,216780.17666666667
C0195,1649059.44,5,2022-10-22,2024-05-14,570,329811.888
C0196,1094686.48,2,2022-03-06,2024-03-12,737,547343.24
C0197,512883.66,2,2022-11-12,2023-03-31,139,256441.83
C0198,596759.51,2,2022-02-22,2022-07-21,149,298379.755
C0199,1435084.33,3,2023-03-05,2023-05-29,85,478361.44333333336
C0200,1109640.28,2,2023-06-28,2023-08-05,38,554820.14
C0201,3242947.33,4,2022-01-05,2022-10-22,290,810736.8325
C0202,4274401.3,6,2022-12-26,2024-10-15,659,712400.2166666667
C0203,1902807.4,4,2022-12-07,2024-11-22,716,475701.85
C0204,2016605.05,3,2023-03-20,2024-03-04,350,672201.6833333333
C0205,1672989.03,4,2022-02-12,2024-09-27,958,418247.2575
C0206,1186442.56,1,2023-05-04,2023-05-04,0,1186442.56
C0207,1148464.16,1,2022-11-29,2022-11-29,0,1148464.16
C0208,2754920.5,4,2022-02-17,2024-09-02,928,688730.125
C0209,2427584.4,5,2022-01-09,2024-10-09,1004,485516.88
C0210,1367285.74,3,2022-06-18,2023-12-11,541,455761.91333333333
C0211,576134.97,1,2023-03-23,2023-03-23,0,576134.97
C0212,1182719.89,2,2022-06-09,2024-12-19,924,591359.945
C0213,2654994.7800000003,5,2022-04-25,2024-12-25,975,530998.956
C0214,839215.26,2,2023-11-15,2024-03-27,133,419607.63
C0216,2048068.0799999998,3,2022-04-18,2024-05-25,768,682689.36
C0217,4749603.01,9,2022-04-02,2024-10-17,929,527733.6677777778
C0218,2009996.1500000001,3,2022-01-21,2023-11-25,673,669998.7166666667
C0219,1061538.18,4,2022-09-12,2024-05-02,598,265384.545
C0220,1363417.97,1,2023-10-02,2023-10-02,0,1363417.97
C0221,2254932.01,4,2022-10-02,2024-11-15,775,563733.0025
C0222,2050380.39,4,2022-09-26,2024-11-26,792,512595.0975
C0223,1414045.79,2,2023-11-17,2024-09-09,297,707022.895
C0224,3689523.2199999997,4,2022-05-24,2023-08-13,446,922380.8049999999
C0225,2126481.95,3,2022-12-02,2023-06-02,182,708827.3166666668
C0226,338279.2,1,2023-05-28,2023-05-28,0,338279.2
C0227,2082383.56,5,2022-05-25,2024-05-19,725,416476.712
C0228,1955494.3900000001,4,2022-08-11,2024-07-20,709,488873.59750000003
C0229,1136544.59,4,2022-03-10,2024-09-28,933,284136.1475
C0230,2997840.7,5,2022-05-10,2024-09-11,855,599568.14
C0231,1718251.82,4,2022-08-20,2024-08-07,718,429562.955
C0232,2655958.88,3,2023-03-24,2024-09-18,544,885319.6266666666
C0233,2262899.69,4,2022-06-11,2024-08-13,794,565724.9225
C0234,1297313.67,3,2022-01-16,2023-08-02,563,432437.88999999996
C0235,775887.0,2,2022-04-17,2023-02-28,317,387943.5
C0236,1183441.1600000001,4,2022-04-10,2024-03-20,710,295860.29000000004
C0237,2651000.93,3,2023-03-31,2024-12-06,616,883666.9766666667
C0238,635173.5800000001,2,2022-01-22,2023-02-19,393,317586.79000000004
C0239,2111873.0,4,2023-10-25,2024-07-20,269,527968.25
C0240,3255762.16,5,2022-04-06,2024-12-26,995,651152.432
C0241,1204853.74,3,2022-03-24,2023-12-11,627,401617.91333333333
C0242,2037615.51,4,2023-08-29,2024-12-16,475,509403.8775
C0243,4179216.0199999996,8,2022-01-10,2024-11-30,1055,522402.00249999994
C0244,1552608.12,4,2022-10-07,2024-08-17,680,388152.03
C0245,1527654.44,3,2022-11-05,2023-03-19,134,509218.14666666667
C0246,2662167.88,3,2023-04-29,2024-07-15,443,887389.2933333333
C0247,2157628.98,3,2022-04-21,2024-04-13,723,719209.66
C0248,1285759.52,3,2023-07-22,2024-09-24,430,428586.50666666665
C0249,4133498.08,6,2022-07-26,2024-11-24,852,688916.3466666667
C0250,1347307.88,3,2022-05-27,2024-11-02,890,449102.62666666665
C0251,1794260.36,3,2022-04-25,2024-08-03,831,598086.7866666667
C0252,3304880.4,6,2022-01-07,2024-12-09,1067,550813.4
C0253,2917649.98,6,2022-03-13,2024-10-08,940,486274.99666666664
C0254,970135.32,4,2022-04-28,2024-01-16,628,242533.83
C0256,3277960.75,6,2022-04-04,2024-02-19,686,546326.7916666666
C0257,1259523.93,2,2022-05-26,2023-10-06,498,629761.965
C0258,886572.8500000001,2,2023-06-06,2024-04-06,305,443286.42500000005
C0259,530238.74,2,2022-03-08,2023-10-28,599,265119.37
C0260,668621.0,3,2022-05-04,2023-04-20,351,222873.66666666666
C0261,2815275.0700000003,3,2023-01-22,2024-02-28,402,938425.0233333334
C0262,944568.9299999999,2,2023-05-08,2024-01-13,250,472284.46499999997
C0263,1933364.79,3,2022-07-08,2024-07-24,747,644454.93
C0264,2985903.7,5,2022-08-29,2024-11-27,821,597180.74
C0265,760230.28,3,2022-05-19,2024-01-14,605,253410.09333333335
C0266,1420854.62,3,2022-08-24,2024-09-23,761,473618.2066666667
C0267,482126.94,2,2023-04-11,2024-07-12,458,241063.47
C0268,407838.30000000005,2,2022-04-25,2023-09-25,518,203919.15000000002
C0269,419151.06,2,2022-07-28,2023-10-07,436,209575.53
C0270,1395635.27,2,2023-04-12,2024-05-10,394,697817.635
C0271,2284396.81,4,2022-12-10,2023-12-08,363,571099.2025
C0272,172272.01,2,2022-11-27,2023-01-05,39,86136.005
C0273,3607652.08,7,2022-07-10,2024-10-13,826,515378.8685714286
C0274,2327640.49,6,2022-04-23,2024-10-31,922,387940.0816666667
C0275,1161915.35,2,2022-08-04,2024-01-19,533,580957.675
C0276,1334683.03,3,2022-10-08,2023-01-05,89,444894.3433333333
C0277,439951.23000000004,3,2022-04-13,2023-07-24,467,146650.41
C0278,2550065.12,4,2022-07-25,2023-09-12,414,637516.28
C0280,608885.13,2,2023-07-04,2024-02-16,227,304442.565
C0281,751365.42,3,2023-05-14,2024-09-27,502,250455.14
C0282,2622917.67,4,2022-02-27,2024-12-09,1016,655729.4175
C0283,1341461.1300000001,3,2024-05-11,2024-12-20,223,447153.71
C0284,875818.04,2,2022-08-19,2023-08-11,357,437909.02
C0285,3683248.31,7,2022-03-08,2024-09-30,937,526178.33
C0286,2339495.69,5,2022-07-18,2023-11-29,499,467899.138
C0287,2318741.48,6,2022-10-10,2024-09-27,718,386456.91333333333
C0288,1810234.35,2,2023-06-07,2023-11-18,164,905117.175
C0289,3525437.8,5,2022-06-27,2024-12-21,908,705087.5599999999
C0290,2003404.51,5,2023-01-02,2024-11-08,676,400680.902
C0291,959414.66,2,2023-01-04,2023-03-06,61,479707.33
C0292,2108476.87,4,2022-07-26,2023-11-17,479,527119.2175
C0293,2271415.59,3,2024-02-13,2024-05-07,84,757138.5299999999
C0294,1170521.6600000001,4,2022-01-14,2022-09-04,233,292630.41500000004
C0295,427743.08,1,2024-04-01,2024-04-01,0,427743.08
C0296,1689132.88,3,2023-03-26,2024-02-08,319,563044.2933333333
C0297,1649546.48,5,2022-06-24,2024-01-22,577,329909.296
C0298,1333793.92,1,2023-02-08,2023-02-08,0,1333793.92
C0299,2852599.71,4,2022-04-22,2023-10-29,555,713149.9275
C0300,957734.7,5,2022-10-19,2024-10-10,722,191546.94
C0301,2691756.28,6,2022-11-18,2024-11-10,723,448626.04666666663
C0302,1152957.08,4,2023-06-17,2024-12-01,533,288239.27
C0303,2716675.4299999997,3,2022-07-25,2023-08-30,401,905558.4766666666
C0304,1515960.04,3,2022-10-25,2024-05-06,559,505320.01333333337
C0305,169614.93,1,2024-10-28,2024-10-28,0,169614.93
C0306,1479513.74,4,2023-06-20,2024-08-03,410,369878.435
C0307,971969.13,1,2022-07-03,2022-07-03,0,971969.13
C0308,874713.89,2,2024-09-17,2024-11-13,57,437356.945
C0309,3314204.15,7,2022-03-17,2024-12-21,1010,473457.7357142857
C0310,861858.75,3,2024-02-24,2024-11-29,279,287286.25
C0311,1564197.63,2,2023-07-29,2023-09-30,63,782098.815
C0312,563995.68,3,2022-07-09,2024-09-22,806,187998.56000000003
C0313,1304668.66,2,2022-03-20,2023-05-09,415,652334.33
C0314,2600043.42,5,2022-05-19,2024-04-25,707,520008.684
C0315,1029878.04,3,2022-04-22,2024-08-02,833,343292.68
C0316,1848453.69,3,2022-10-05,2024-04-19,562,616151.23
C0317,275403.03,1,2024-10-16,2024-10-16,0,275403.03
C0318,979284.99,3,2022-04-08,2024-06-16,800,326428.33
C0319,4251292.69,6,2022-10-02,2023-08-20,322,708548.7816666667
C0320,3887776.67,8,2022-09-05,2024-12-24,841,485972.08375
C0321,2434169.54,3,2022-04-11,2023-05-12,396,811389.8466666667
C0322,561614.64,1,2022-07-26,2022-07-26,0,561614.64
C0323,1605664.84,2,2024-02-14,2024-04-29,75,802832.42
C0324,785103.0,3,2022-02-26,2024-03-02,735,261701.0
C0326,283938.69,1,2024-05-13,2024-05-13,0,283938.69
C0327,967150.11,2,2022-07-05,2024-09-18,806,483575.055
C0328,2223108.92,3,2022-11-16,2024-04-16,517,741036.3066666666
C0329,619350.29,2,2022-12-05,2024-03-25,476,309675.145
C0330,1633789.33,4,2022-06-29,2024-11-11,866,408447.3325
C0331,2729218.74,3,2022-01-20,2023-04-28,463,909739.5800000001
C0332,794380.37,1,2022-02-13,2022-02-13,0,794380.37
C0333,2177330.24,4,2022-08-01,2024-04-27,635,544332.56
C0334,3265419.6399999997,5,2022-03-28,2024-05-05,769,653083.928
C0335,2269915.75,5,2023-02-18,2024-05-31,468,453983.15
C0336,1734325.71,5,2022-02-19,2024-05-07,808,346865.142
C0337,1964434.2300000002,3,2022-06-11,2024-10-17,859,654811.41
C0338,1594433.52,2,2023-04-14,2024-05-25,407,797216.76
C0339,1796317.05,4,2022-03-30,2024-02-04,676,449079.2625
C0340,3759946.0700000003,4,2022-02-16,2024-06-10,845,939986.5175000001
C0341,1653128.9100000001,2,2022-05-19,2023-02-05,262,826564.4550000001
C0342,3255134.2,4,2022-01-09,2024-10-21,1016,813783.55
C0343,2102865.55,4,2023-01-18,2023-11-30,316,525716.3875
C0344,1027640.7,2,2022-06-06,2024-07-07,762,513820.35
C0345,4780053.5200000005,9,2022-01-01,2024-08-31,973,531117.0577777778
C0346,1965998.85,6,2023-01-16,2024-11-19,673,327666.47500000003
C0347,2257193.3699999996,3,2022-01-10,2022-10-06,269,752397.7899999999
C0348,3697421.84,4,2022-02-18,2024-12-10,1026,924355.46
C0349,1749396.75,5,2022-09-12,2024-08-12,700,349879.35
C0350,2419472.38,4,2022-04-20,2024-03-09,689,604868.095
C0351,1040776.02,2,2022-01-09,2024-01-30,751,520388.01
C0353,708932.76,1,2023-07-26,2023-07-26,0,708932.76
C0354,1913068.17,2,2022-06-21,2024-01-20,578,956534.085
C0355,2576814.04,5,2022-04-10,2024-07-13,825,515362.808
C0356,1552220.76,3,2022-11-14,2024-10-03,689,517406.92
C0357,2166903.33,5,2022-04-09,2024-12-08,974,433380.666
C0358,2238808.37,4,2022-07-05,2024-03-10,614,559702.0925
C0359,883638.07,2,2024-02-02,2024-09-29,240,441819.035
C0360,2793537.82,4,2023-01-22,2024-10-26,643,698384.455
C0361,5321802.16,8,2022-02-12,2024-12-20,1042,665225.27
C0362,1529479.69,1,2023-04-07,2023-04-07,0,1529479.69
C0363,318783.03,1,2024-11-11,2024-11-11,0,318783.03
C0364,1308370.95,1,2022-06-28,2022-06-28,0,1308370.95
C0365,2169188.84,5,2023-07-16,2024-10-18,460,433837.768
C0366,3277045.23,6,2022-05-02,2024-12-27,970,546174.205
C0367,4539322.95,5,2022-04-16,2024-11-25,954,907864.5900000001
C0368,506389.52,1,2024-11-14,2024-11-14,0,506389.52
C0369,3537941.94,6,2022-01-29,2024-01-14,715,589656.99
C0370,513147.15,3,2022-10-28,2024-01-02,431,171049.05000000002
C0371,1515446.91,3,2022-10-08,2024-04-07,547,505148.97
C0372,1432507.17,4,2022-11-05,2024-07-26,629,358126.7925
C0373,753590.81,1,2023-04-26,2023-04-26,0,753590.81
C0374,2433238.49,5,2022-12-07,2023-11-16,344,486647.69800000003
C0375,1528576.79,3,2022-09-20,2024-10-21,762,509525.5966666667
C0376,2639958.44,3,2022-01-06,2024-10-17,1015,879986.1466666666
C0377,2037873.71,4,2022-02-22,2023-10-02,587,509468.4275
C0378,2379994.25,4,2023-03-22,2024-06-15,451,594998.5625
C0379,2082969.28,6,2022-01-23,2024-06-25,884,347161.5466666667
C0380,968905.97,2,2022-04-27,2024-04-03,707,484452.985
C0381,3574974.26,7,2022-03-07,2024-10-02,940,510710.6085714285
C0382,3036465.02,6,2022-06-16,2024-11-11,879,506077.50333333336
C0383,1694319.2,4,2022-09-08,2024-11-16,800,423579.8
C0384,177556.11,2,2023-07-01,2024-09-28,455,88778.055
C0385,383322.15,2,2022-03-25,2023-07-18,480,191661.075
C0386,1942045.77,4,2022-01-14,2024-09-04,964,485511.4425
C0387,3785506.81,8,2022-03-28,2024-03-22,725,473188.35125
C0388,1235423.63,3,2022-07-22,2024-01-05,532,411807.87666666665
C0389,2417790.86,4,2022-09-18,2024-11-23,797,604447.715
C0390,555321.85,2,2022-05-14,2022-06-22,39,277660.925
C0391,287712.05,1,2023-06-04,2023-06-04,0,287712.05
C0392,1609592.46,4,2023-02-28,2024-12-24,665,402398.115
C0393,948052.3,2,2022-07-01,2023-06-13,347,474026.15
C0394,5042163.720000001,6,2022-01-27,2023-09-12,593,840360.6200000001
C0395,1033935.3200000001,6,2022-09-04,2024-02-29,543,172322.55333333334
C0396,2438391.59,4,2022-02-23,2023-05-25,456,609597.8975
C0397,2093487.68,3,2022-08-05,2024-11-06,824,697829.2266666667
C0398,2560527.6100000003,6,2022-01-04,2024-06-06,884,426754.60166666674
C0399,236029.21,2,2023-01-22,2023-04-04,72,118014.605
C0400,2030487.24,4,2022-03-20,2024-04-29,771,507621.81
C0401,1151558.85,3,2023-03-15,2024-08-09,513,383852.95
C0402,3300574.5900000003,7,2023-01-27,2024-08-03,554,471510.65571428573
C0403,2618641.1799999997,4,2022-10-14,2024-08-12,668,654660.2949999999
C0404,2862617.69,5,2023-04-23,2024-07-20,454,572523.538
C0405,1093274.58,6,2022-09-15,2023-12-18,459,182212.43000000002
C0406,299667.56,3,2022-07-02,2024-10-10,831,99889.18666666666
C0407,2000876.3599999999,2,2022-06-11,2022-11-19,161,1000438.1799999999
C0408,3777998.6,4,2022-10-06,2024-09-01,696,944499.65
C0409,3724298.76,6,2022-02-14,2024-07-30,897,620716.46
C0410,2837256.8200000003,6,2022-04-18,2024-12-08,965,472876.1366666667
C0411,1695114.5,5,2023-11-12,2024-12-11,395,339022.9
C0412,1263498.97,4,2022-02-04,2024-06-24,871,315874.7425
C0413,576922.41,2,2022-07-28,2024-06-19,692,288461.205
C0414,1659228.63,3,2022-05-09,2023-12-04,574,553076.21
C0415,3035335.14,5,2023-01-29,2024-10-28,638,607067.028
C0416,2936810.74,4,2022-01-11,2024-06-15,886,734202.685
C0417,1052360.08,3,2022-04-10,2024-05-31,782,350786.69333333336
C0418,4517206.15,5,2022-02-18,2024-04-06,778,903441.2300000001
C0419,1171521.81,2,2022-12-27,2023-01-14,18,585760.905
C0420,1389791.64,5,2022-04-15,2024-12-21,981,277958.328
C0421,116357.01,1,2023-06-08,2023-06-08,0,116357.01
C0422,2366039.44,7,2022-01-19,2024-12-26,1072,338005.6342857143
C0423,4341141.37,6,2022-03-11,2024-08-17,890,723523.5616666666
C0424,1602201.14,4,2022-09-30,2024-06-06,615,400550.285
C0425,1031825.4099999999,2,2024-02-18,2024-09-23,218,515912.70499999996
C0426,784850.3,1,2022-01-29,2022-01-29,0,784850.3
C0427,2128423.31,5,2022-10-23,2024-08-29,676,425684.662
C0428,427961.15,2,2024-01-03,2024-12-23,355,213980.575
C0429,6316661.02,9,2022-10-02,2024-08-11,679,701851.2244444444
C0430,1741321.5899999999,2,2022-05-01,2023-07-26,451,870660.7949999999
C0431,1951696.41,5,2022-02-15,2024-12-18,1037,390339.282
C0432,2823210.69,5,2022-03-24,2024-07-20,849,564642.138
C0433,183784.18,1,2023-09-01,2023-09-01,0,183784.18
C0434,938298.9099999999,2,2022-07-23,2024-12-09,870,469149.45499999996
C0435,1433427.24,2,2022-03-04,2024-12-11,1013,716713.62
C0436,1329903.15,2,2022-05-16,2024-12-07,936,664951.575
C0437,3641651.92,6,2022-07-24,2024-08-18,756,606941.9866666667
C0438,1839570.17,2,2022-02-08,2024-06-20,863,919785.085
C0439,1493227.87,2,2024-02-11,2024-03-16,34,746613.935
C0440,120224.32,1,2023-09-20,2023-09-20,0,120224.32
C0441,2108396.67,4,2022-09-10,2024-07-09,668,527099.1675
C0442,4067492.92,7,2022-05-28,2024-01-29,611,581070.4171428571
C0443,579618.58,2,2022-09-10,2023-09-18,373,289809.29
C0444,4388687.91,7,2022-01-31,2024-10-10,983,626955.4157142857
C0445,2392915.33,6,2022-06-20,2024-12-19,913,398819.2216666667
C0446,1540959.03,2,2022-03-21,2023-05-31,436,770479.515
C0447,1357701.3199999998,2,2023-04-07,2024-09-01,513,678850.6599999999
C0449,4561532.36,6,2022-03-25,2024-05-12,779,760255.3933333334
C0450,2011196.08,4,2023-04-23,2024-10-25,551,502799.02
C0451,1008295.54,2,2023-03-21,2023-09-12,175,504147.77
C0452,1550070.01,3,2022-10-01,2024-05-09,586,516690.00333333336
C0453,654008.2999999999,3,2023-04-10,2023-09-16,159,218002.76666666663
C0454,1356580.29,3,2022-11-23,2024-12-12,750,452193.43
C0455,1066942.03,3,2022-03-19,2024-12-04,991,355647.3433333333
C0456,2681998.86,3,2023-01-23,2024-07-20,544,893999.62
C0457,1957425.9100000001,4,2023-03-21,2024-09-25,554,489356.47750000004
C0458,166667.5,1,2023-09-06,2023-09-06,0,166667.5
C0459,3084040.91,6,2022-03-31,2023-12-11,620,514006.81833333336
C0460,1294676.3399999999,2,2023-01-30,2023-03-07,36,647338.1699999999
C0461,2873151.84,9,2022-01-07,2024-11-23,1051,319239.0933333333
C0462,20666.28,1,2023-07-14,2023-07-14,0,20666.28
C0463,3046715.09,5,2022-05-31,2024-11-28,912,609343.0179999999
C0464,109261.17,2,2023-01-29,2024-04-06,433,54630.585
C0465,1557284.3499999999,4,2022-07-19,2024-08-12,755,389321.08749999997
C0466,1164389.11,1,2022-01-11,2022-01-11,0,1164389.11
C0467,1476096.5999999999,3,2022-03-06,2024-09-08,917,492032.19999999995
C0468,3803883.97,5,2022-02-24,2024-05-04,800,760776.794
C0469,1156737.94,2,2022-02-14,2022-12-14,303,578368.97
C0471,569196.32,1,2024-09-15,2024-09-15,0,569196.32
C0472,2437288.35,6,2022-05-31,2024-08-27,819,406214.72500000003
C0473,1409203.07,5,2022-07-04,2023-10-31,484,281840.614
C0474,1888880.23,4,2022-04-09,2024-11-07,943,472220.0575
C0475,1370359.28,3,2024-04-14,2024-06-06,53,456786.4266666667
C0476,705617.69,2,2022-10-13,2023-11-16,399,352808.845
C0477,1960465.43,4,2023-10-29,2024-12-18,416,490116.3575
C0478,1060269.47,4,2022-01-14,2024-10-20,1010,265067.3675
C0479,448708.75999999995,3,2022-01-08,2023-04-20,467,149569.58666666664
C0480,1368474.1,3,2022-08-02,2024-11-10,831,456158.0333333334
C0481,2776233.68,6,2022-08-10,2024-07-10,700,462705.61333333334
C0482,2701322.71,7,2022-01-23,2024-10-17,998,385903.2442857143
C0483,2068908.25,4,2022-07-16,2024-11-02,840,517227.0625
C0484,990300.38,1,2023-05-08,2023-05-08,0,990300.38
C0485,2635436.46,4,2022-01-06,2023-10-27,659,658859.115
C0486,377780.34,1,2022-09-29,2022-09-29,0,377780.34
C0487,2825091.37,8,2022-08-28,2024-12-16,841,353136.42125
C0488,1434941.7999999998,3,2023-05-03,2024-04-01,334,478313.9333333333
C0489,776402.12,4,2022-08-14,2024-11-16,825,194100.53
C0490,1373053.81,2,2023-01-11,2023-11-17,310,686526.905
C0491,2004175.75,5,2023-10-27,2024-12-09,409,400835.15
C0492,2190029.33,4,2022-09-14,2024-11-30,808,547507.3325
C0493,1942307.17,3,2024-03-01,2024-08-24,176,647435.7233333333
C0494,2164262.7,3,2022-07-01,2023-07-01,365,721420.9
C0495,1765935.6900000002,4,2022-12-31,2024-11-17,687,441483.92250000004
C0496,2918735.25,4,2022-03-20,2024-09-07,902,729683.8125
C0497,690690.31,1,2024-05-27,2024-05-27,0,690690.31
C0498,1501487.66,2,2022-10-16,2023-05-14,210,750743.83
C0499,3871281.1,5,2022-02-26,2024-09-10,927,774256.22
C0500,2804023.34,5,2022-01-14,2024-06-25,893,560804.668
C0501,761514.86,3,2022-03-10,2024-05-25,807,253838.28666666665
C0502,2757835.6,6,2023-03-18,2024-09-16,548,459639.26666666666
C0503,1793520.4400000002,2,2022-08-02,2023-04-02,243,896760.2200000001
C0504,523735.88,2,2023-02-05,2023-05-19,103,261867.94
C0506,472042.09,1,2022-03-29,2022-03-29,0,472042.09
C0507,2492360.8,4,2022-04-02,2024-08-15,866,623090.2
C0509,2451127.02,5,2022-07-03,2024-12-27,908,490225.404
C0510,537993.0499999999,3,2022-06-14,2023-11-26,530,179331.01666666663
C0511,4729105.06,5,2022-10-30,2024-11-19,751,945821.0119999999
C0512,360700.6,1,2022-05-27,2022-05-27,0,360700.6
C0513,4284617.39,8,2022-02-06,2024-12-06,1034,535577.17375
C0514,1466317.35,3,2023-01-30,2024-03-14,409,488772.45
C0515,1449903.6199999999,4,2022-05-26,2024-12-17,936,362475.90499999997
C0516,570312.22,2,2024-02-27,2024-03-08,10,285156.11
C0517,1519336.37,5,2022-10-04,2024-08-11,677,303867.27400000003
C0518,142560.31,2,2022-08-20,2024-04-22,611,71280.155
C0519,3929338.78,8,2022-01-20,2024-11-02,1017,491167.3475
C0520,2480349.29,4,2022-01-24,2024-08-16,935,620087.3225
C0521,159482.74,2,2023-07-16,2023-09-12,58,79741.37
C0522,1190152.39,3,2023-02-09,2024-10-24,623,396717.4633333333
C0523,2504244.38,7,2023-02-05,2024-09-27,600,357749.1971428571
C0524,681913.7,1,2023-09-15,2023-09-15,0,681913.7
C0525,2688161.49,5,2022-02-25,2024-04-10,775,537632.2980000001
C0526,3566473.54,4,2022-05-18,2024-05-26,739,891618.385
C0527,1221373.29,3,2022-03-18,2024-03-30,743,407124.43
C0528,2791612.63,5,2023-01-25,2024-08-04,557,558322.526
C0529,2588321.3200000003,5,2022-03-07,2024-12-07,1006,517664.2640000001
C0530,2683869.79,4,2022-05-11,2024-11-08,912,670967.4475
C0531,587234.17,1,2024-01-15,2024-01-15,0,587234.17
C0532,1299932.13,4,2022-07-24,2024-09-10,779,324983.0325
C0533,121602.38,1,2024-09-26,2024-09-26,0,121602.38
C0534,613108.5,2,2022-06-06,2024-01-17,590,306554.25
C0535,719643.53,2,2024-01-23,2024-10-10,261,359821.765
C0536,438056.42,1,2022-05-20,2022-05-20,0,438056.42
C0537,1773784.57,4,2023-01-15,2024-11-03,658,443446.1425
C0538,2243674.65,4,2022-11-06,2024-12-03,758,560918.6625
C0539,1063296.92,4,2022-06-12,2023-07-02,385,265824.23
C0540,1215563.03,3,2022-07-14,2024-09-02,781,405187.6766666667
C0541,2835860.47,5,2022-01-16,2024-02-23,768,567172.094
C0542,1234566.86,2,2023-02-27,2023-12-21,297,617283.43
C0543,1253962.49,3,2022-11-25,2024-01-12,413,417987.49666666664
C0544,1024329.22,3,2022-05-09,2024-12-23,959,341443.0733333333
C0545,372080.25,1,2023-09-16,2023-09-16,0,372080.25
C0546,725861.12,2,2022-04-23,2023-03-12,323,362930.56
C0547,2117701.28,3,2022-01-26,2023-07-10,530,705900.4266666666
C0548,1399750.22,2,2022-09-10,2023-10-21,406,699875.11
C0549,950194.92,2,2024-01-16,2024-09-16,244,475097.46
C0550,1929449.6199999999,4,2022-03-26,2024-02-22,698,482362.40499999997
C0551,828263.62,2,2022-03-24,2024-10-25,946,414131.81
C0552,2410864.41,3,2022-06-26,2024-07-05,740,803621.4700000001
C0553,2568613.72,3,2022-03-17,2024-06-06,812,856204.5733333334
C0554,1881344.66,4,2022-03-07,2024-08-17,894,470336.165
C0555,6112318.4,5,2022-08-28,2023-12-16,475,1222463.6800000002
C0556,1285904.2,1,2023-12-25,2023-12-25,0,1285904.2
C0557,2064027.69,3,2023-11-22,2024-07-16,237,688009.23
C0558,1561148.7,3,2022-05-07,2024-08-03,819,520382.89999999997
C0559,603015.56,3,2022-12-11,2023-06-08,179,201005.18666666668
C0560,2378401.77,3,2022-06-05,2023-04-11,310,792800.59
C0561,1224658.43,2,2022-11-15,2022-12-28,43,612329.215
C0562,1564334.6099999999,3,2022-06-28,2024-02-03,585,521444.86999999994
C0563,2522413.96,3,2022-12-30,2023-12-03,338,840804.6533333333
C0564,2546680.63,7,2022-03-05,2024-08-16,895,363811.51857142855
C0565,3053362.44,5,2022-06-05,2023-12-01,544,610672.488
C0566,1813860.2999999998,3,2022-06-08,2024-04-09,671,604620.1
C0567,2432507.5900000003,5,2022-09-04,2024-10-14,771,486501.51800000004
C0568,47819.32,1,2022-07-13,2022-07-13,0,47819.32
C0569,2198149.3200000003,4,2022-11-18,2024-10-16,698,549537.3300000001
C0570,1346205.93,3,2023-06-06,2023-09-27,113,448735.31
C0571,588967.54,1,2022-09-03,2022-09-03,0,588967.54
C0572,890983.79,1,2024-08-30,2024-08-30,0,890983.79
C0573,3200511.06,6,2022-05-13,2024-11-01,903,533418.51
C0574,608751.24,2,2023-01-16,2023-12-10,328,304375.62
C0575,1053419.51,4,2022-06-06,2024-10-18,865,263354.8775
C0576,6489745.51,8,2023-01-12,2024-12-07,695,811218.18875
C0577,147136.1,1,2022-01-26,2022-01-26,0,147136.1
C0578,347442.47,1,2022-02-20,2022-02-20,0,347442.47
C0579,965915.7200000001,3,2022-10-14,2023-05-21,219,321971.9066666667
C0580,3121851.06,6,2022-12-23,2024-09-19,636,520308.51
C0581,2367445.9699999997,5,2023-01-11,2024-09-03,601,473489.19399999996
C0582,3338522.13,5,2022-07-23,2023-05-22,303,667704.426
C0583,1698350.6099999999,4,2022-03-18,2024-10-11,938,424587.65249999997
C0584,3945374.77,6,2022-03-10,2024-03-26,747,657562.4616666667
C0585,2704401.22,6,2022-07-28,2024-03-06,587,450733.5366666667
C0586,783673.6,2,2022-07-02,2022-10-20,110,391836.8
C0587,113478.49,2,2022-08-22,2023-04-29,250,56739.245
C0588,2352409.36,4,2022-10-23,2023-10-11,353,588102.34
C0589,1919720.6300000001,5,2022-09-11,2024-10-18,768,383944.12600000005
C0590,2785346.89,7,2022-05-02,2023-10-25,541,397906.6985714286
C0591,476391.04,2,2023-04-14,2024-05-12,394,238195.52
C0592,2819058.92,3,2022-08-15,2024-09-12,759,939686.3066666666
C0593,2641860.43,5,2022-05-11,2024-11-08,912,528372.086
C0595,466737.0,2,2023-12-14,2024-03-28,105,233368.5
C0596,698398.29,1,2023-11-01,2023-11-01,0,698398.29
C0597,826341.9299999999,2,2022-01-22,2024-11-19,1032,413170.96499999997
C0598,1270669.9000000001,3,2022-01-23,2024-01-17,724,423556.63333333336
C0599,4685789.03,7,2022-01-21,2024-04-10,810,669398.4328571429
C0600,155930.36,1,2023-09-23,2023-09-23,0,155930.36
C0601,4646688.850000001,5,2022-04-19,2024-10-22,917,929337.7700000001
C0602,1499630.98,4,2022-01-17,2023-01-07,355,374907.745
C0603,1418138.2,3,2022-01-30,2023-11-27,666,472712.73333333334
C0604,21978.4,1,2024-07-26,2024-07-26,0,21978.4
C0605,863010.45,1,2022-09-04,2022-09-04,0,863010.45
C0606,2570171.76,4,2022-03-04,2024-07-26,875,642542.94
C0607,1913037.52,2,2022-03-21,2024-02-21,702,956518.76
C0608,1248033.1600000001,2,2023-01-27,2024-07-20,540,624016.5800000001
C0609,4918482.16,8,2022-01-28,2024-10-22,998,614810.27
C0610,1757984.04,3,2022-05-11,2023-01-28,262,585994.68
C0611,2319442.21,4,2022-04-30,2023-02-26,302,579860.5525
C0612,2147166.41,4,2022-09-12,2024-08-25,713,536791.6025
C0613,417924.82000000007,3,2022-09-10,2023-08-16,340,139308.27333333335
C0614,4799751.49,7,2022-08-10,2024-04-24,623,685678.7842857143
C0615,1536658.3399999999,2,2023-02-27,2024-05-05,433,768329.1699999999
C0616,844609.15,2,2023-03-12,2024-12-25,654,422304.575
C0617,1169524.97,2,2022-12-24,2024-06-04,528,584762.485
C0618,3127342.32,6,2022-05-19,2024-05-16,728,521223.72
C0619,1172175.2,3,2022-09-07,2024-03-26,566,390725.06666666665
C0620,2947034.46,5,2022-12-30,2024-09-14,624,589406.892
C0621,1988099.5899999999,3,2022-10-05,2023-09-29,359,662699.8633333333
C0622,1129444.4,2,2023-09-09,2023-09-27,18,564722.2
C0623,2557808.59,4,2022-03-17,2024-12-14,1003,639452.1475
C0624,2719993.5,3,2022-03-28,2024-01-22,665,906664.5
C0625,1008470.6500000001,2,2022-04-02,2022-11-28,240,504235.32500000007
C0626,5143971.57,6,2022-05-25,2024-11-11,901,857328.5950000001
C0627,2252524.84,4,2022-10-15,2023-09-14,334,563131.21
C0628,2071235.01,4,2022-01-07,2024-01-21,744,517808.7525
C0630,2065392.47,5,2022-03-25,2023-09-16,540,413078.494
C0631,743206.45,2,2022-06-03,2023-04-11,312,371603.225
C0632,1110514.46,2,2022-02-19,2024-09-15,939,555257.23
C0633,400596.88,1,2023-04-13,2023-04-13,0,400596.88
C0634,1282204.79,1,2023-08-25,2023-08-25,0,1282204.79
C0635,2860231.49,6,2022-01-20,2024-05-24,855,476705.24833333335
C0636,2012935.56,4,2022-01-09,2024-07-21,924,503233.89
C0637,1903745.57,3,2022-11-08,2023-08-19,284,634581.8566666667
C0638,2896645.65,4,2023-01-03,2024-09-19,625,724161.4125
C0639,1487128.99,4,2022-10-12,2023-08-15,307,371782.2475
C0640,1507460.6099999999,2,2022-08-10,2023-04-28,261,753730.3049999999
C0641,7235988.4399999995,10,2022-04-24,2024-10-30,920,723598.8439999999
C0642,1221453.4000000001,4,2022-03-15,2023-11-20,615,305363.35000000003
C0643,1555107.85,3,2023-03-26,2024-07-08,470,518369.2833333334
C0644,2169253.98,3,2022-11-03,2024-12-06,764,723084.66
C0645,1386090.51,2,2023-02-02,2024-01-17,349,693045.255
C0646,396896.29,3,2022-11-14,2024-07-29,623,132298.76333333334
C0647,1638411.12,4,2022-03-08,2024-08-16,892,409602.78
C0648,774281.27,2,2022-05-06,2022-09-09,126,387140.635
C0650,196191.96,1,2024-09-27,2024-09-27,0,196191.96
C0651,1866642.41,4,2022-09-21,2024-03-13,539,466660.6025
C0652,2948844.9299999997,6,2022-01-19,2024-05-04,836,491474.15499999997
C0653,305733.87,1,2022-11-17,2022-11-17,0,305733.87
C0654,2266691.74,5,2022-02-15,2024-02-23,738,453338.34800000006
C0655,3758823.23,8,2022-01-07,2024-12-06,1064,469852.90375
C0656,251473.03,1,2023-09-19,2023-09-19,0,251473.03
C0657,1177108.07,2,2022-04-19,2024-05-30,772,588554.035
C0658,1922216.53,4,2022-03-13,2022-09-13,184,480554.1325
C0659,481528.41,1,2024-06-16,2024-06-16,0,481528.41
C0660,1533395.44,2,2022-03-07,2024-04-19,774,766697.72
C0661,3240558.79,7,2022-02-09,2024-09-06,940,462936.97000000003
C0662,1590458.63,4,2023-05-06,2023-11-15,193,397614.6575
C0663,1598057.24,4,2022-03-14,2024-06-25,834,399514.31
C0664,2072369.27,5,2022-03-28,2024-04-08,742,414473.854
C0665,2342611.01,3,2022-02-03,2024-03-11,767,780870.3366666666
C0666,2362391.46,4,2024-02-05,2024-12-16,315,590597.865
C0668,1955087.46,2,2022-02-27,2023-06-15,473,977543.73
C0669,926693.07,5,2022-05-06,2024-02-06,641,185338.614
C0670,3162898.75,5,2022-08-12,2024-11-08,819,632579.75
C0671,2172144.29,3,2022-04-26,2024-12-22,971,724048.0966666667
C0672,1434507.35,4,2022-04-11,2023-10-31,568,358626.8375
C0673,1800222.73,4,2022-09-01,2024-06-07,645,450055.6825
C0674,736504.37,2,2022-06-24,2024-06-18,725,368252.185
C0675,2239706.26,4,2022-05-19,2023-09-23,492,559926.565
C0676,2164189.7800000003,3,2022-09-23,2024-11-11,780,721396.5933333334
C0677,1246033.3199999998,2,2022-07-31,2024-06-27,697,623016.6599999999
C0678,2835735.13,4,2022-10-06,2024-12-24,810,708933.7825
C0679,1762439.93,2,2022-06-14,2024-05-31,717,881219.965
C0680,1397198.92,1,2022-10-04,2022-10-04,0,1397198.92
C0681,223183.51,1,2022-07-16,2022-07-16,0,223183.51
C0682,681539.14,2,2022-05-09,2023-09-06,485,340769.57
C0683,2244322.28,3,2022-06-04,2023-05-29,359,748107.4266666666
C0685,2413582.55,5,2022-06-23,2024-03-09,625,482716.50999999995
C0686,2644976.59,5,2023-02-07,2024-07-02,511,528995.318
C0687,2080531.9800000002,4,2022-09-06,2024-06-27,660,520132.99500000005
C0688,1189177.8,3,2022-02-22,2023-04-21,423,396392.60000000003
C0689,1824127.23,3,2022-03-06,2023-09-05,548,608042.41
C0690,3656361.99,6,2023-03-02,2024-06-02,458,609393.665
C0691,2392712.03,5,2023-02-23,2024-02-12,354,478542.40599999996
C0692,1242102.6,2,2023-05-03,2023-10-21,171,621051.3
C0693,1954179.6,5,2023-01-28,2024-12-10,682,390835.92000000004
C0694,880633.1400000001,3,2022-04-29,2024-07-23,816,293544.38000000006
C0695,2309129.75,5,2022-02-26,2024-11-29,1007,461825.95
C0696,1108720.03,2,2023-03-17,2024-04-19,399,554360.015
C0697,1644632.67,4,2022-06-22,2023-12-25,551,411158.1675
C0699,1828183.56,4,2022-04-24,2024-10-04,894,457045.89
C0700,1170473.39,1,2023-04-28,2023-04-28,0,1170473.39
C0701,3205615.1,5,2022-11-21,2024-12-11,751,641123.02
C0702,1869811.9000000001,3,2023-11-05,2024-04-16,163,623270.6333333334
C0703,501549.38,1,2024-04-25,2024-04-25,0,501549.38
C0704,2264673.02,4,2022-06-23,2024-06-02,710,566168.255
C0705,3700052.41,5,2022-06-04,2024-08-25,813,740010.4820000001
C0706,857206.21,2,2023-04-03,2023-08-28,147,428603.105
C0707,1629021.74,2,2022-07-17,2023-09-20,430,814510.87
C0708,1069005.04,3,2023-06-11,2024-05-08,332,356335.01333333337
C0709,2064687.41,4,2022-08-02,2024-09-19,779,516171.8525
C0710,2361625.2199999997,4,2022-01-23,2024-10-21,1002,590406.3049999999
C0711,747344.7,1,2024-11-26,2024-11-26,0,747344.7
C0712,266744.34,2,2022-02-28,2023-06-23,480,133372.17
C0713,178623.74,2,2024-03-15,2024-12-01,261,89311.87
C0714,3520476.63,6,2022-02-05,2024-08-30,937,586746.105
C0715,1751943.28,2,2022-05-08,2022-06-30,53,875971.64
C0716,2713205.85,4,2022-05-30,2024-02-01,612,678301.4625
C0717,876272.5,1,2024-04-29,2024-04-29,0,876272.5
C0718,966237.6799999999,3,2022-07-27,2024-08-13,748,322079.2266666666
C0719,4438561.55,7,2022-04-17,2024-09-16,883,634080.2214285714
C0720,3337027.6,5,2022-03-18,2023-07-17,486,667405.52
C0721,491385.41,2,2022-04-17,2023-06-15,424,245692.705
C0722,1503105.1,2,2022-11-15,2023-03-07,112,751552.55
C0723,2083940.29,5,2022-09-23,2024-04-16,571,416788.058
C0724,2333746.77,4,2022-02-10,2024-09-22,955,583436.6925
C0725,2865128.52,4,2022-02-24,2024-04-16,782,716282.13
C0726,1543063.4,3,2022-11-10,2023-05-31,202,514354.4666666666
C0727,1349756.65,3,2024-06-05,2024-10-28,145,449918.8833333333
C0728,797590.02,3,2022-08-12,2024-07-20,708,265863.34
C0729,2766621.4299999997,7,2022-11-01,2024-08-12,650,395231.63285714283
C0730,1587182.37,4,2022-09-30,2024-06-02,611,396795.5925
C0731,2692601.4699999997,5,2022-01-07,2024-12-16,1074,538520.294
C0732,1041243.45,4,2022-01-12,2024-12-13,1066,260310.8625
C0733,3116137.06,8,2022-06-05,2024-07-18,774,389517.1325
C0734,2737381.71,6,2022-02-12,2024-08-04,904,456230.285
C0735,1402458.61,2,2022-06-28,2024-02-17,599,701229.305
C0736,830026.4,2,2022-02-26,2023-07-10,499,415013.2
C0737,1950507.06,4,2022-04-12,2023-08-21,496,487626.765
C0738,1328960.1800000002,4,2022-03-25,2024-06-17,815,332240.04500000004
C0739,1720714.77,3,2022-02-27,2024-03-06,738,573571.59
C0740,2705805.57,5,2022-08-19,2024-07-07,688,541161.114
C0741,461792.02,2,2023-08-23,2024-01-16,146,230896.01
C0742,2247459.15,3,2022-12-02,2024-10-27,695,749153.0499999999
C0743,2084152.81,2,2022-01-14,2024-06-26,894,1042076.405
C0744,207650.34,1,2023-03-09,2023-03-09,0,207650.34
C0745,2907900.77,5,2023-06-10,2024-10-22,500,581580.154
C0746,2176344.75,3,2022-03-16,2024-12-26,1016,725448.25
C0747,2461700.77,5,2022-02-07,2024-03-08,760,492340.154
C0748,1228289.05,4,2022-05-01,2024-03-16,685,307072.2625
C0749,3354289.1,5,2022-02-01,2024-09-20,962,670857.8200000001
C0750,1840940.95,4,2022-01-16,2024-01-29,743,460235.2375
C0751,2388112.0700000003,3,2023-03-30,2024-05-24,421,796037.3566666668
C0752,1687965.42,4,2022-02-17,2024-10-12,968,421991.355
C0753,689644.64,1,2022-11-23,2022-11-23,0,689644.64
C0754,1252507.77,3,2024-02-11,2024-12-05,298,417502.59
C0755,2423596.37,3,2023-07-29,2024-11-05,465,807865.4566666667
C0756,2126124.55,3,2022-05-03,2024-01-27,634,708708.1833333332
C0757,1349872.8,3,2022-02-09,2022-12-31,325,449957.60000000003
C0758,4356260.33,9,2022-04-10,2024-08-26,869,484028.92555555556
C0759,3964447.19,6,2022-01-03,2024-12-26,1088,660741.1983333334
C0760,868941.0700000001,2,2022-08-24,2024-12-11,840,434470.53500000003
C0761,1729792.29,5,2022-06-24,2024-06-16,723,345958.458
C0762,474541.14,2,2022-03-29,2024-04-17,750,237270.57
C0763,1491089.25,3,2024-06-04,2024-10-11,129,497029.75
C0764,1060004.76,4,2023-02-28,2024-05-04,431,265001.19
C0765,2376599.96,3,2022-06-26,2023-10-19,480,792199.9866666667
C0766,889262.3,2,2022-03-06,2023-04-13,403,444631.15
C0767,1535667.9,2,2023-10-14,2024-06-27,257,767833.95
C0768,1384325.98,2,2023-01-20,2024-01-14,359,692162.99
C0769,1818981.13,6,2022-02-22,2024-03-01,738,303163.52166666667
C0770,1976896.07,3,2023-08-17,2024-09-12,392,658965.3566666667
C0771,2099128.27,4,2022-03-15,2023-02-09,331,524782.0675
C0772,1219876.17,3,2022-04-17,2023-03-23,340,406625.38999999996
C0773,1169676.8800000001,3,2022-05-21,2023-02-25,280,389892.2933333334
C0774,2542443.84,5,2023-08-13,2024-08-14,367,508488.768
C0775,3386583.59,8,2023-02-04,2024-09-22,596,423322.94875
C0776,2960552.4899999998,3,2022-06-30,2024-05-23,693,986850.83
C0777,2142627.21,3,2022-01-28,2023-07-25,543,714209.07
C0778,471134.25,3,2022-04-20,2023-10-23,551,157044.75
C0779,3637625.8899999997,6,2022-09-29,2024-05-24,603,606270.9816666666
C0780,2364996.78,3,2023-09-09,2024-04-16,220,788332.2599999999
C0781,2026837.23,4,2023-07-13,2024-06-14,337,506709.3075
C0782,2325138.56,2,2023-01-01,2023-11-19,322,1162569.28
C0783,3605812.7800000003,5,2022-02-04,2024-06-19,866,721162.5560000001
C0784,1419439.3900000001,3,2022-06-13,2023-11-25,530,473146.4633333334
C0785,2092934.78,2,2023-03-14,2024-03-19,371,1046467.39
C0786,2914645.05,3,2022-10-28,2024-08-25,667,971548.35
C0787,4547722.0600000005,7,2022-07-26,2024-10-05,802,649674.5800000001
C0788,467480.67,3,2022-11-25,2024-07-09,592,155826.88999999998
C0789,2378606.31,3,2022-07-20,2024-04-11,631,792868.77
C0790,483433.68,1,2023-10-29,2023-10-29,0,483433.68
C0791,4315896.32,5,2022-11-11,2024-11-19,739,863179.2640000001
C0792,1290827.71,2,2022-01-22,2022-03-02,39,645413.855
C0793,4723063.5,7,2022-07-27,2024-04-26,639,674723.3571428572
C0794,916574.02,2,2022-07-21,2023-03-11,233,458287.01
C0795,2151703.4299999997,5,2023-05-08,2024-05-01,359,430340.6859999999
C0796,3288959.0300000003,4,2022-09-22,2024-03-07,532,822239.7575000001
C0797,420452.05999999994,2,2023-04-13,2023-07-08,86,210226.02999999997
C0798,1970808.48,2,2022-03-11,2023-07-29,505,985404.24
C0799,645000.7,3,2022-04-26,2024-06-23,789,215000.2333333333
C0800,1945432.24,5,2022-10-07,2024-08-01,664,389086.448
C0801,1653305.21,3,2022-10-09,2023-12-19,436,551101.7366666667
C0802,500765.56,1,2023-07-16,2023-07-16,0,500765.56
C0803,2314713.98,6,2022-04-13,2024-09-25,896,385785.66333333333
C0804,2107098.75,3,2023-03-28,2023-11-22,239,702366.25
C0805,3313920.93,5,2022-04-23,2022-11-26,217,662784.186
C0806,3545590.96,5,2022-05-07,2024-12-01,939,709118.192
C0807,169904.44999999998,2,2022-04-21,2024-10-30,923,84952.22499999999
C0808,2812715.3600000003,2,2024-03-08,2024-05-03,56,1406357.6800000002
C0809,1667961.8900000001,3,2023-06-02,2024-05-13,346,555987.2966666667
C0810,1216576.88,2,2023-06-21,2024-03-07,260,608288.44
C0811,1378071.89,1,2022-05-18,2022-05-18,0,1378071.89
C0812,576587.0,3,2022-05-17,2023-11-05,537,192195.66666666666
C0813,2486476.57,4,2022-04-01,2024-01-13,652,621619.1425
C0814,1911616.79,3,2022-08-10,2024-04-08,607,637205.5966666667
C0815,1638688.7,3,2022-03-29,2024-07-16,840,546229.5666666667
C0816,3397084.6399999997,7,2022-03-07,2024-12-22,1021,485297.80571428564
C0817,1675167.08,4,2022-04-16,2023-11-10,573,418791.77
C0818,1164731.31,2,2023-06-22,2024-05-12,325,582365.655
C0819,2986900.7199999997,5,2022-09-28,2024-11-27,791,597380.144
C0820,624779.01,2,2023-10-21,2023-12-13,53,312389.505
C0821,1681693.94,3,2023-12-03,2024-10-09,311,560564.6466666666
C0822,1321366.72,3,2023-02-01,2023-06-26,145,440455.5733333333
C0823,2381716.0,4,2023-05-16,2024-05-22,372,595429.0
C0824,976571.84,1,2022-07-13,2022-07-13,0,976571.84
C0825,1749651.36,4,2022-08-24,2024-11-14,813,437412.84
C0826,2114696.81,3,2022-08-06,2023-06-24,322,704898.9366666666
C0828,2061518.48,6,2022-05-26,2024-09-13,841,343586.41333333333
C0829,2820458.14,5,2022-03-18,2023-10-24,585,564091.628
C0830,2300287.91,5,2022-11-09,2024-10-07,698,460057.58200000005
C0831,1303410.84,4,2022-01-08,2024-05-12,855,325852.71
C0832,4155811.7699999996,6,2022-02-04,2024-11-27,1027,692635.2949999999
C0833,3023495.1,6,2022-02-15,2024-11-01,990,503915.85000000003
C0834,1512589.3599999999,3,2022-11-13,2024-12-03,751,504196.4533333333
C0835,2296675.8899999997,6,2022-03-03,2023-05-18,441,382779.31499999994
C0836,3830069.87,7,2022-09-09,2024-11-24,807,547152.8385714286
C0837,3994537.79,6,2022-07-06,2024-07-11,736,665756.2983333333
C0838,1322314.5299999998,3,2022-01-30,2023-08-28,575,440771.50999999995
C0839,973723.8899999999,3,2023-07-04,2023-11-12,131,324574.62999999995
C0840,627186.12,2,2023-10-18,2024-04-16,181,313593.06
C0841,3793545.57,6,2022-03-18,2024-04-28,772,632257.595
C0842,3170572.25,4,2022-09-02,2024-04-20,596,792643.0625
C0844,354868.49,1,2022-06-01,2022-06-01,0,354868.49
C0845,702452.82,2,2022-01-17,2022-11-12,299,351226.41
C0846,3968045.93,5,2022-04-24,2024-03-01,677,793609.186
C0847,2156537.62,4,2022-07-18,2023-12-15,515,539134.405
C0848,800583.27,2,2022-12-14,2024-09-10,636,400291.635
C0849,1898255.42,3,2023-03-13,2024-11-26,624,632751.8066666666
C0850,1988407.99,4,2022-07-18,2024-05-19,671,497101.9975
C0851,1494816.05,2,2022-12-08,2024-02-24,443,747408.025
C0852,1642987.54,2,2023-07-08,2024-01-30,206,821493.77
C0853,664010.5599999999,3,2022-06-19,2024-06-02,714,221336.8533333333
C0854,3960732.3,7,2023-09-07,2024-12-29,479,565818.9
C0855,2598313.2199999997,4,2022-02-20,2023-06-23,488,649578.3049999999
C0857,2040473.46,3,2023-03-01,2024-11-30,640,680157.82
C0858,2522270.88,6,2022-01-09,2023-09-15,614,420378.48
C0859,106351.33,1,2022-11-10,2022-11-10,0,106351.33
C0860,3141424.3200000003,6,2022-03-07,2024-07-22,868,523570.72000000003
C0861,2033304.49,4,2022-04-08,2024-08-24,869,508326.1225
C0862,2237477.2199999997,4,2022-01-31,2024-11-08,1012,559369.3049999999
C0863,913296.48,2,2022-06-23,2024-04-27,674,456648.24
C0864,4739005.77,7,2022-12-10,2024-11-29,720,677000.8242857142
C0865,2879748.29,5,2022-05-13,2023-06-10,393,575949.658
C0866,1740592.42,3,2023-04-14,2024-11-25,591,580197.4733333333
C0867,1493422.74,3,2023-11-11,2024-08-30,293,497807.58
C0868,601689.96,3,2022-12-29,2024-10-24,665,200563.31999999998
C0869,3661509.36,6,2022-08-12,2023-12-25,500,610251.5599999999
C0870,2213965.81,5,2022-01-19,2024-07-04,897,442793.162
C0871,2280022.13,5,2022-01-04,2023-09-02,606,456004.426
C0872,1734174.57,4,2022-04-13,2023-09-21,526,433543.6425
C0873,249961.11,1,2023-05-31,2023-05-31,0,249961.11
C0874,1155775.24,3,2022-10-07,2023-08-07,304,385258.41333333333
C0875,2904071.81,4,2022-07-05,2023-06-03,333,726017.9525
C0876,2973987.65,7,2022-01-12,2024-07-27,927,424855.37857142853
C0877,2241111.92,7,2023-02-07,2024-12-15,677,320158.8457142857
C0878,968510.3,2,2022-06-02,2023-04-02,304,484255.15
C0879,1493163.37,4,2023-01-23,2024-07-17,541,373290.8425
C0880,136976.1,2,2023-04-29,2024-04-21,358,68488.05
C0881,1239336.88,4,2022-09-29,2024-08-29,700,309834.22
C0882,1224171.11,2,2023-02-24,2024-10-29,613,612085.555
C0883,489647.8,1,2023-02-12,2023-02-12,0,489647.8
C0884,3159360.2,6,2023-04-25,2024-05-30,401,526560.0333333333
C0886,584455.71,1,2024-10-21,2024-10-21,0,584455.71
C0887,3425027.05,7,2022-03-31,2024-09-27,911,489289.57857142854
C0888,2906690.5,6,2022-03-13,2024-05-05,784,484448.4166666667
C0889,2470896.1,3,2022-10-23,2024-05-25,580,823632.0333333333
C0890,747176.06,1,2023-11-08,2023-11-08,0,747176.06
C0891,2632148.89,6,2022-07-30,2024-11-22,846,438691.4816666667
C0892,745903.27,2,2022-01-03,2024-09-14,985,372951.635
C0894,2462053.69,4,2022-09-26,2024-05-14,596,615513.4225
C0895,1627422.64,4,2022-02-25,2023-10-13,595,406855.66
C0896,1511465.51,3,2023-11-10,2024-07-11,244,503821.83666666667
C0897,872355.72,2,2023-07-02,2023-11-22,143,436177.86
C0898,3295284.84,3,2022-05-03,2024-12-15,957,1098428.28
C0899,2453167.92,4,2022-08-01,2024-06-29,698,613291.98
C0900,5653305.81,8,2022-02-23,2024-09-19,939,706663.22625
C0901,68242.33,1,2022-11-27,2022-11-27,0,68242.33
C0902,2514106.21,4,2022-09-28,2024-12-29,823,628526.5525
C0903,1128920.85,2,2024-06-21,2024-09-06,77,564460.425
C0904,1637220.56,5,2022-04-20,2024-12-23,978,327444.112
C0906,1636946.06,4,2023-01-11,2024-10-04,632,409236.515
C0907,2810344.27,5,2023-02-10,2024-05-13,458,562068.854
C0908,1876415.0,3,2022-01-30,2024-12-07,1042,625471.6666666666
C0909,2222020.2199999997,4,2022-03-07,2024-10-10,948,555505.0549999999
C0911,2013759.8399999999,4,2022-04-18,2024-08-27,862,503439.95999999996
C0912,1768848.27,5,2022-07-06,2024-09-24,811,353769.654
C0913,2184453.7800000003,5,2023-04-25,2024-12-06,591,436890.75600000005
C0914,2314698.1100000003,2,2022-01-26,2024-12-17,1056,1157349.0550000002
C0915,2210997.02,3,2022-01-15,2024-10-04,993,736999.0066666667
C0916,1242018.27,2,2024-05-31,2024-08-03,64,621009.135
C0917,2442167.15,6,2022-02-10,2024-03-16,765,407027.85833333334
C0918,2013495.05,4,2023-08-15,2024-10-24,436,503373.7625
C0919,50079.34,1,2024-10-29,2024-10-29,0,50079.34
C0920,1807567.71,2,2023-05-26,2024-11-23,547,903783.855
C0921,1022993.11,1,2024-07-16,2024-07-16,0,1022993.11
C0922,2147527.1799999997,4,2022-01-05,2024-04-08,824,536881.7949999999
C0923,1239039.02,4,2022-04-23,2024-07-23,822,309759.755
C0924,1894418.1800000002,4,2022-05-27,2024-08-19,815,473604.54500000004
C0925,1855915.13,3,2023-01-15,2023-04-21,96,618638.3766666666
C0926,312159.94999999995,2,2023-04-22,2024-10-26,553,156079.97499999998
C0927,1305608.26,2,2022-04-13,2023-08-13,487,652804.13
C0928,2303272.87,3,2022-10-20,2023-12-29,435,767757.6233333334
C0929,291349.27,1,2024-07-10,2024-07-10,0,291349.27
C0930,1601333.14,5,2022-09-20,2024-10-24,765,320266.62799999997
C0931,1450440.79,3,2022-06-14,2023-11-30,534,483480.26333333337
C0932,2613571.29,6,2022-09-23,2024-09-10,718,435595.215
C0933,2890895.64,5,2022-03-22,2024-05-27,797,578179.128
C0934,18102.82,1,2023-08-16,2023-08-16,0,18102.82
C0935,589792.31,2,2022-02-02,2023-11-22,658,294896.155
C0936,2132026.9,2,2023-09-02,2024-03-31,211,1066013.45
C0937,448174.77,2,2022-01-02,2022-04-07,95,224087.385
C0938,510197.65,2,2022-01-28,2022-05-27,119,255098.825
C0939,1231307.47,2,2022-06-05,2022-07-02,27,615653.735
C0940,1473999.75,2,2022-08-07,2024-04-27,629,736999.875
C0941,2567734.94,5,2022-02-13,2024-12-04,1025,513546.988
C0942,1244093.87,2,2023-09-04,2023-09-09,5,622046.935
C0943,1710503.9500000002,4,2022-02-03,2024-10-30,1000,427625.98750000005
C0944,3644276.34,5,2022-02-04,2024-12-21,1051,728855.2679999999
C0945,2580945.3600000003,6,2022-03-22,2024-07-14,845,430157.56000000006
C0946,1345181.68,2,2022-11-19,2024-11-03,715,672590.84
C0947,872543.46,1,2024-12-12,2024-12-12,0,872543.46
C0948,189680.97999999998,2,2022-06-05,2022-12-09,187,94840.48999999999
C0949,960440.32,2,2023-09-14,2023-12-18,95,480220.16
C0950,148093.21,1,2023-08-23,2023-08-23,0,148093.21
C0951,556855.84,2,2022-02-28,2023-12-29,669,278427.92
C0952,1413280.04,3,2022-06-29,2024-08-18,781,471093.3466666667
C0953,275282.52999999997,2,2023-12-18,2024-11-18,336,137641.26499999998
C0954,2934421.5,5,2023-05-18,2024-11-27,559,586884.3
C0955,1595673.72,4,2022-11-30,2024-08-18,627,398918.43
C0956,1760763.94,4,2022-06-29,2024-07-22,754,440190.985
C0957,414719.26,3,2022-09-17,2024-10-13,757,138239.75333333333
C0958,2671581.92,3,2022-04-02,2024-07-13,833,890527.3066666666
C0959,2977100.81,4,2022-02-17,2024-05-14,817,744275.2025
C0961,3173164.69,6,2022-05-12,2024-12-08,941,528860.7816666666
C0962,1531002.5,5,2022-01-26,2024-06-16,872,306200.5
C0963,1510481.48,1,2024-08-31,2024-08-31,0,1510481.48
C0964,188900.12,1,2023-12-18,2023-12-18,0,188900.12
C0965,2990967.1799999997,6,2022-01-12,2024-06-26,896,498494.52999999997
C0966,1302724.07,3,2022-03-08,2024-10-11,948,434241.3566666667
C0968,3660975.79,6,2022-04-29,2024-09-04,859,610162.6316666667
C0969,863344.9299999999,2,2022-09-24,2023-03-17,174,431672.46499999997
C0970,1531181.72,2,2022-11-04,2023-09-11,311,765590.86
C0971,2073752.9100000001,2,2024-12-19,2024-12-29,10,1036876.4550000001
C0973,3439325.54,6,2022-08-11,2024-06-19,678,573220.9233333333
C0974,2194570.73,4,2023-03-08,2024-09-14,556,548642.6825
C0975,1892099.58,3,2022-01-24,2022-07-10,167,630699.86
C0976,654275.3,2,2022-09-13,2023-07-11,301,327137.65
C0977,436840.74,2,2023-10-02,2024-08-18,321,218420.37
C0978,2892694.0,4,2022-08-04,2024-01-24,538,723173.5
C0979,1713137.4,3,2022-03-08,2023-07-20,499,571045.7999999999
C0980,381277.07,1,2024-10-24,2024-10-24,0,381277.07
C0981,3079589.94,4,2023-04-10,2024-02-17,313,769897.485
C0982,1228716.6,3,2022-10-15,2023-11-14,395,409572.2
C0983,2248692.86,3,2022-05-29,2024-07-05,768,749564.2866666666
C0984,935221.8400000001,2,2022-01-08,2024-05-08,851,467610.92000000004
C0985,1451154.27,2,2023-03-25,2024-10-15,570,725577.135
C0986,2924973.41,7,2022-03-22,2024-05-29,799,417853.3442857143
C0987,2547641.4699999997,4,2023-02-16,2024-11-28,651,636910.3674999999
C0988,1239934.84,3,2022-02-19,2023-10-28,616,413311.61333333334
C0989,5395698.69,9,2022-01-04,2024-07-22,930,599522.0766666667
C0990,3238966.4000000004,5,2022-01-16,2024-06-28,894,647793.28
C0991,2654116.6599999997,4,2022-07-05,2024-06-02,698,663529.1649999999
C0992,1119391.4,1,2022-07-09,2022-07-09,0,1119391.4
C0993,524921.89,1,2023-02-13,2023-02-13,0,524921.89
C0994,1058515.81,1,2024-08-01,2024-08-01,0,1058515.81
C0995,4098297.84,9,2022-01-24,2024-04-23,820,455366.42666666664
C0996,3580768.38,4,2022-09-23,2024-08-20,697,895192.095
C0997,1392913.65,2,2023-08-27,2024-08-17,356,696456.825
C0998,1282051.27,3,2023-02-22,2023-10-08,228,427350.42333333334
C0999,763308.06,3,2023-05-02,2024-07-08,433,254436.02000000002
C1000,1467883.4100000001,2,2022-12-16,2024-05-07,508,733941.7050000001
